ts,load1,idle_pct
2026-09-28T10:34:42+08:00,4.54,75
2026-09-28T10:34:43+08:00,4.54,78
2026-09-28T10:34:44+08:00,4.54,82
2026-09-28T10:34:45+08:00,4.54,81
2026-09-28T10:34:46+08:00,4.54,81
2026-09-28T10:34:47+08:00,4.49,82
2026-09-28T10:34:48+08:00,4.49,82
2026-09-28T10:34:49+08:00,4.49,79
2026-09-28T10:34:50+08:00,4.49,81
2026-09-28T10:34:51+08:00,4.49,71
2026-09-28T10:34:52+08:00,4.45,83
2026-09-28T10:34:53+08:00,4.45,79
2026-09-28T10:34:54+08:00,4.45,81
2026-09-28T10:34:55+08:00,4.45,83
2026-09-28T10:34:56+08:00,4.45,77
2026-09-28T10:34:57+08:00,4.42,75
2026-09-28T10:34:58+08:00,4.42,60
2026-09-28T10:34:59+08:00,4.42,58
2026-09-28T10:35:00+08:00,4.42,62
2026-09-28T10:35:01+08:00,4.42,63
2026-09-28T10:35:02+08:00,4.46,65
2026-09-28T10:35:03+08:00,4.46,65
2026-09-28T10:35:04+08:00,4.46,65
2026-09-28T10:35:05+08:00,4.46,66
2026-09-28T10:35:06+08:00,4.46,62
2026-09-28T10:35:07+08:00,4.51,62
2026-09-28T10:35:08+08:00,4.51,59
2026-09-28T10:35:09+08:00,4.51,67
2026-09-28T10:35:10+08:00,4.51,64
2026-09-28T10:35:11+08:00,4.51,64
2026-09-28T10:35:12+08:00,4.39,62
2026-09-28T10:35:13+08:00,4.39,57
2026-09-28T10:35:14+08:00,4.39,58
2026-09-28T10:35:15+08:00,4.39,63
2026-09-28T10:35:16+08:00,4.39,57
2026-09-28T10:35:17+08:00,4.27,64
2026-09-28T10:35:18+08:00,4.27,57
2026-09-28T10:35:19+08:00,4.27,62
2026-09-28T10:35:20+08:00,4.27,63
2026-09-28T10:35:21+08:00,4.27,58
2026-09-28T10:35:22+08:00,4.25,60
2026-09-28T10:35:23+08:00,4.25,62
2026-09-28T10:35:24+08:00,4.25,59
2026-09-28T10:35:25+08:00,4.25,62
2026-09-28T10:35:26+08:00,4.25,57
2026-09-28T10:35:27+08:00,4.39,63
2026-09-28T10:35:28+08:00,4.39,59
2026-09-28T10:35:29+08:00,4.39,59
2026-09-28T10:35:31+08:00,4.39,58
2026-09-28T10:35:32+08:00,4.39,61
2026-09-28T10:35:33+08:00,4.44,62
2026-09-28T10:35:34+08:00,4.44,62
2026-09-28T10:35:35+08:00,4.44,62
2026-09-28T10:35:36+08:00,4.44,62
2026-09-28T10:35:37+08:00,4.44,61
2026-09-28T10:35:38+08:00,4.33,62
2026-09-28T10:35:39+08:00,4.33,62
2026-09-28T10:35:40+08:00,4.33,61
2026-09-28T10:35:41+08:00,4.33,58
2026-09-28T10:35:42+08:00,4.33,62
2026-09-28T10:35:43+08:00,4.22,59
2026-09-28T10:35:44+08:00,4.22,70
2026-09-28T10:35:45+08:00,4.22,69
2026-09-28T10:35:46+08:00,4.22,70
2026-09-28T10:35:47+08:00,4.22,70
2026-09-28T10:35:48+08:00,4.20,68
2026-09-28T10:35:49+08:00,4.20,66
2026-09-28T10:35:50+08:00,4.20,71
2026-09-28T10:35:51+08:00,4.20,71
2026-09-28T10:35:52+08:00,4.20,70
2026-09-28T10:35:53+08:00,4.18,69
2026-09-28T10:35:54+08:00,4.18,69
2026-09-28T10:35:55+08:00,4.18,71
2026-09-28T10:35:56+08:00,4.18,67
2026-09-28T10:35:57+08:00,4.18,69
2026-09-28T10:35:58+08:00,4.33,57
2026-09-28T10:35:59+08:00,4.33,60
2026-09-28T10:36:00+08:00,4.33,61
2026-09-28T10:36:01+08:00,4.33,61
2026-09-28T10:36:02+08:00,4.33,66
2026-09-28T10:36:03+08:00,4.30,64
2026-09-28T10:36:04+08:00,4.30,65
2026-09-28T10:36:05+08:00,4.30,66
2026-09-28T10:36:06+08:00,4.30,63
2026-09-28T10:36:07+08:00,4.30,64
2026-09-28T10:36:08+08:00,4.20,64
2026-09-28T10:36:09+08:00,4.20,64
2026-09-28T10:36:10+08:00,4.20,63
2026-09-28T10:36:11+08:00,4.20,65
2026-09-28T10:36:12+08:00,4.20,62
2026-09-28T10:36:13+08:00,4.10,63
2026-09-28T10:36:14+08:00,4.10,62
2026-09-28T10:36:15+08:00,4.10,69
2026-09-28T10:36:16+08:00,4.10,67
2026-09-28T10:36:17+08:00,4.10,70
2026-09-28T10:36:18+08:00,4.18,69
2026-09-28T10:36:19+08:00,4.18,60
2026-09-28T10:36:20+08:00,4.18,58
2026-09-28T10:36:21+08:00,4.18,58
2026-09-28T10:36:22+08:00,4.18,69
2026-09-28T10:36:23+08:00,4.08,70
2026-09-28T10:36:24+08:00,4.08,70
2026-09-28T10:36:25+08:00,4.08,74
2026-09-28T10:36:26+08:00,4.08,71
2026-09-28T10:36:27+08:00,4.08,72
2026-09-28T10:36:28+08:00,4.07,68
2026-09-28T10:36:29+08:00,4.07,68
2026-09-28T10:36:30+08:00,4.07,67
2026-09-28T10:36:31+08:00,4.07,64
2026-09-28T10:36:32+08:00,4.07,70
2026-09-28T10:36:33+08:00,4.07,73
2026-09-28T10:36:34+08:00,4.07,72
2026-09-28T10:36:35+08:00,4.07,61
2026-09-28T10:36:36+08:00,4.07,73
2026-09-28T10:36:37+08:00,4.07,69
2026-09-28T10:36:38+08:00,4.14,72
2026-09-28T10:36:39+08:00,4.14,68
2026-09-28T10:36:40+08:00,4.14,69
2026-09-28T10:36:41+08:00,4.14,71
2026-09-28T10:36:42+08:00,4.14,69
2026-09-28T10:36:43+08:00,4.13,70
2026-09-28T10:36:44+08:00,4.13,69
2026-09-28T10:36:45+08:00,4.13,61
2026-09-28T10:36:46+08:00,4.13,67
2026-09-28T10:36:47+08:00,4.13,69
2026-09-28T10:36:48+08:00,4.12,72
2026-09-28T10:36:49+08:00,4.12,71
2026-09-28T10:36:50+08:00,4.12,68
2026-09-28T10:36:51+08:00,4.12,72
2026-09-28T10:36:52+08:00,4.35,72
2026-09-28T10:36:53+08:00,4.35,66
2026-09-28T10:36:54+08:00,4.35,63
2026-09-28T10:36:55+08:00,4.35,62
